date;value
2021-01-11;60874
2021-01-16;975
2021-01-17;2930
2021-01-18;22822
2021-01-23;8727
2021-01-24;10430
2021-01-04;63261
2021-01-07;25749
2021-01-10;9545
2021-01-10;15859
2021-01-13;2150
2021-01-22;2960
2021-01-22;26017
2021-01-23;4860
2021-01-26;23762
2021-01-30;5822
2021-01-01;19705
2021-01-03;5600
2021-01-07;17487
2021-01-10;9440
2021-01-11;36399
2021-01-24;1632
2021-01-05;4026
2021-01-08;14512
2021-01-08;29141
2021-01-09;17240
2021-01-14;30957
2021-01-27;9460
2021-01-04;26490
2021-01-13;54510
2021-01-14;19045
2021-01-15;44854
2021-01-16;5267
2021-01-18;13333
2021-01-20;3910
2021-01-21;9330
2021-01-23;9973
2021-01-26;5890
2021-01-28;8290
2021-01-02;200
2021-01-03;210
2021-01-05;13142
2021-01-07;34569
2021-01-15;3410
2021-01-20;12884
2021-01-29;17722
2021-01-31;6475
2021-01-03;8325
2021-01-06;4084
2021-01-11;28569
2021-01-15;17910
2021-01-20;29024
2021-01-22;19262
2021-01-24;1100
2021-01-25;8162
2021-01-05;21705
2021-01-06;22175
2021-01-11;31664
2021-01-15;33510
2021-01-16;12082
2021-01-17;1673
2021-01-18;33146
2021-01-19;10372
2021-01-20;45796
2021-01-23;1392
2021-01-26;16186
2021-01-29;11100
2021-01-29;8665
2021-01-01;11450
2021-01-02;1950
2021-01-03;3990
2021-01-18;40514
2021-01-19;3746
2021-01-27;8294
2021-01-28;11488
2021-01-30;2020
2021-01-01;11420
2021-01-02;2550
2021-01-04;5945
2021-01-06;50179
2021-01-07;23525
2021-01-08;15865
2021-01-08;40805
2021-01-17;600
2021-01-21;28532
2021-01-31;5900
2021-01-31;1050
2021-01-05;23142
2021-01-10;1800
2021-01-12;450
2021-01-12;28625
2021-01-19;16535
2021-01-26;1630
2021-01-27;7632
2021-01-29;7678
2021-01-06;46704
2021-01-09;6600
2021-01-12;6950
2021-01-24;6948
2021-01-28;17268
2021-01-31;0
2021-01-04;24148
2021-01-09;5294
2021-01-13;18599
2021-01-14;3936
2021-01-16;9802
2021-01-22;9651
2021-01-28;6764
2021-01-30;600
2021-01-01;14000
2021-01-21;8261
2021-01-25;10738
2021-01-27;3307
2021-01-30;3970
2022-01-12;16738
2022-01-15;850
2022-01-18;5190
2022-01-19;910
2022-01-23;0
2022-01-25;16609
2022-01-25;1610
2022-01-27;13315
2022-01-31;9333
2022-01-31;9575
2022-01-07;22035
2022-01-15;4845
2022-01-18;29784
2022-01-18;12110
2022-01-23;6000
2022-01-09;2150
2022-01-10;36330
2022-01-11;35633
2022-01-14;6492
2022-01-24;1550
2022-01-27;6995
2022-01-28;1000
2022-01-30;3700
2022-01-06;10737
2022-01-18;0
2022-01-24;6920
2022-01-24;35036
2022-01-01;0
2022-01-12;1880
2022-01-13;21490
2022-01-14;28933
2022-01-23;4525
2022-01-30;200
2022-01-31;14615
2022-01-03;36004
2022-01-05;16096
2022-01-08;19080
2022-01-12;13709
2022-01-12;33940
2022-01-16;9609
2022-01-21;9408
2022-01-25;12200
2022-01-26;0
2022-01-29;12835
2022-01-29;0
2022-01-31;28019
2022-01-01;250
2022-01-02;1300
2022-01-03;3469
2022-01-09;8350
2022-01-13;11400
2022-01-19;4487
2022-01-19;24377
2022-01-26;13797
2022-01-27;4250
2022-01-27;6330
2022-01-29;1100
2022-01-30;0
2022-01-04;9030
2022-01-05;12804
2022-01-05;18762
2022-01-08;13020
2022-01-10;16902
2022-01-10;34236
2022-01-11;3502
2022-01-14;4729
2022-01-15;28862
2022-01-17;0
2022-01-21;1540
2022-01-22;1000
2022-01-25;6070
2022-01-25;11963
2022-01-29;610
2022-01-11;23794
2022-01-17;22917
2022-01-21;0
2022-01-22;400
2022-01-02;7309
2022-01-02;0
2022-01-04;17070
2022-01-06;15320
2022-01-07;3800
2022-01-07;28897
2022-01-08;400
2022-01-09;15004
2022-01-13;8293
2022-01-15;0
2022-01-16;3650
2022-01-21;8614
2022-01-26;14790
2022-01-30;3720
2022-01-07;39094
2022-01-11;11110
2022-01-23;5350
2022-01-26;4062
2022-01-28;0
2022-01-28;2576
2022-01-31;150
2022-01-03;0
2022-01-05;10850
2022-01-06;15170
2022-01-10;60852
2022-01-13;4000
2022-01-14;7217
2022-01-16;0
2022-01-19;480
2022-01-21;24260
2022-01-23;0
2022-01-26;2042
2022-01-30;1450
2022-01-06;24094
2022-01-09;1850
2022-01-16;0
2022-01-18;11547
2022-01-22;3590
2022-01-22;600
2022-01-27;0
2022-01-29;7750
2022-01-01;0
2022-01-04;10966
2022-01-20;17425
2022-01-20;11972
2022-01-24;1986
2022-01-24;21275
2022-01-28;18781
2021-02-06;3090
2021-02-17;21390
2021-02-18;15003
2021-02-19;18076
2021-02-26;11510
2021-02-27;3615
2021-02-04;16351
2021-02-07;13905
2021-02-09;6450
2021-02-12;6305
2021-02-13;0
2021-02-15;14420
2021-02-16;11117
2021-02-19;41525
2021-02-21;0
2021-02-27;1600
2021-02-28;580
2021-02-03;2760
2021-02-03;18921
2021-02-07;5300
2021-02-11;18080
2021-02-14;0
2021-02-21;3272
2021-02-21;8369
2021-02-23;2350
2021-02-01;13477
2021-02-08;27162
2021-02-10;18310
2021-02-11;36263
2021-02-13;32770
2021-02-13;3692
2021-02-14;2219
2021-02-16;9575
2021-02-19;5540
2021-02-07;21897
2021-02-08;50443
2021-02-13;9703
2021-02-15;20492
2021-02-25;8686
2021-02-27;2982
2021-02-04;5830
2021-02-24;1760
2021-02-08;36323
2021-02-09;51053
2021-02-15;8400
2021-02-15;36498
2021-02-05;5950
2021-02-09;26725
2021-02-18;7900
2021-02-18;33157
2021-02-19;27168
2021-02-21;2950
2021-02-05;30060
2021-02-17;41606
2021-02-24;4813
2021-02-24;30806
2021-02-26;17354
2021-02-26;34030
2021-02-05;18557
2021-02-14;2090
2021-02-16;3067
2021-02-24;30599
2021-02-05;29405
2021-02-06;19472
2021-02-10;24661
2021-02-25;26207
2021-02-28;3719
2021-02-02;10140
2021-02-06;24615
2021-02-10;7105
2021-02-10;47280
2021-02-12;28401
2021-02-22;0
2021-02-22;25417
2021-02-23;10076
2021-02-25;14209
2021-02-27;5086
2021-02-02;9448
2021-02-02;34772
2021-02-03;2900
2021-02-06;679
2021-02-07;0
2021-02-11;8043
2021-02-14;6172
2021-02-17;43042
2021-02-20;4790
2021-02-23;36357
2021-02-28;765
2021-02-01;13874
2021-02-02;27933
2021-02-04;29382
2021-02-09;41089
2022-02-04;6160
2022-02-07;37140
2022-02-08;33500
2022-02-09;5020
2022-02-14;2000
2022-02-18;1240
2022-02-26;4170
2022-02-03;23925
2022-02-04;19007
2022-02-11;6740
2022-02-12;10168
2022-02-17;6664
2022-02-19;11705
2022-02-21;48485
2022-02-23;150
2022-02-25;18190
2022-02-27;0
2022-02-27;0
2022-02-05;245
2022-02-06;8230
2022-02-06;0
2022-02-07;8920
2022-02-10;8765
2022-02-15;18984
2022-02-16;26040
2022-02-19;2760
2022-02-20;1400
2022-02-27;0
2022-02-03;1300
2022-02-15;25435
2022-02-17;20211
2022-02-22;8220
2022-02-22;20775
2022-02-24;3165
2022-02-01;2710
2022-02-08;4720
2022-02-08;34409
2022-02-26;0
2022-02-28;0
2022-02-01;19030
2022-02-02;16102
2022-02-06;20022
2022-02-12;9844
2022-02-21;450
2022-02-26;8770
2022-02-27;0
2022-02-01;0
2022-02-02;3012
2022-02-02;500
2022-02-05;3400
2022-02-09;7217
2022-02-11;50365
2022-02-13;2150
2022-02-15;4349
2022-02-16;4160
2022-02-16;3332
2022-02-17;4000
2022-02-20;130
2022-02-20;6518
2022-02-20;799
2022-02-22;200
2022-02-24;4661
2022-02-01;8800
2022-02-01;13505
2022-02-03;15640
2022-02-05;16853
2022-02-08;13712
2022-02-10;13910
2022-02-10;33902
2022-02-10;400
2022-02-11;20265
2022-02-11;1870
2022-02-15;0
2022-02-16;29530
2022-02-22;1570
2022-02-24;20415
2022-02-25;3850
2022-02-25;0
2022-02-07;47816
2022-02-08;400
2022-02-12;0
2022-02-12;3370
2022-02-15;18847
2022-02-25;8652
2022-02-26;0
2022-02-02;18170
2022-02-07;3835
2022-02-09;15455
2022-02-12;0
2022-02-17;7160
2022-02-19;6915
2022-02-24;2220
2022-02-27;750
2022-02-03;385
2022-02-03;9250
2022-02-04;8020
2022-02-26;1775
2022-02-28;5750
2022-02-05;7585
2022-02-09;36485
2022-02-13;11950
2022-02-18;6400
2022-02-18;19270
2022-02-20;0
2022-02-21;16640
2022-02-25;20791
2022-02-04;810
2022-02-06;4305
2022-02-11;2049
2022-02-13;3635
2022-02-14;41037
2022-02-17;14340
2022-02-18;1700
2022-02-19;3500
2022-02-21;2070
2022-02-23;600
2022-02-23;13736
2022-02-02;15764
2022-02-04;30650
2022-02-05;10445
2022-02-07;42636
2022-02-16;2940
2022-02-21;31882
2022-02-23;17100
2022-02-24;200
2022-02-28;20440
2022-02-28;0
2022-02-28;22685
2021-03-02;16732
2021-03-08;10952
2021-03-10;31570
2021-03-11;52965
2021-03-14;16035
2021-03-21;0
2021-03-24;19105
2021-03-31;2015
2021-03-31;38964
2021-03-02;40530
2021-03-22;19786
2021-03-23;1046
2021-03-25;2400
2021-03-01;11920
2021-03-01;20593
2021-03-06;2590
2021-03-07;20029
2021-03-14;17291
2021-03-17;3500
2021-03-20;7668
2021-03-20;0
2021-03-20;11968
2021-03-23;14928
2021-03-15;14104
2021-03-15;38507
2021-03-17;41687
2021-03-18;21944
2021-03-22;11872
2021-03-28;3800
2021-03-30;352
2021-03-02;7096
2021-03-10;34769
2021-03-12;39155
2021-03-14;2900
2021-03-16;6345
2021-03-19;2948
2021-03-19;35111
2021-03-21;0
2021-03-28;1000
2021-03-29;150
2021-03-31;238
2021-03-03;27546
2021-03-06;11050
2021-03-07;12030
2021-03-07;5620
2021-03-10;10891
2021-03-10;16522
2021-03-24;15085
2021-03-25;15991
2021-03-27;1850
2021-03-28;650
2021-03-29;8346
2021-03-30;9026
2021-03-01;38358
2021-03-04;3586
2021-03-04;16873
2021-03-05;20227
2021-03-12;2888
2021-03-15;35544
2021-03-19;6527
2021-03-27;6540
2021-03-03;13360
2021-03-03;36684
2021-03-09;19505
2021-03-11;27178
2021-03-13;3390
2021-03-17;16522
2021-03-18;5127
2021-03-23;18415
2021-03-02;4662
2021-03-04;24113
2021-03-05;39521
2021-03-06;13083
2021-03-08;37821
2021-03-14;3100
2021-03-19;7192
2021-03-28;3050
2021-03-29;44342
2021-03-30;2014
2021-03-01;19648
2021-03-12;13518
2021-03-26;5090
2021-03-26;12822
2021-03-29;6710
2021-03-05;49209
2021-03-12;20980
2021-03-13;19135
2021-03-16;29176
2021-03-18;10185
2021-03-21;30336
2021-03-22;25879
2021-03-25;6470
2021-03-27;6174
2021-03-31;9410
2021-03-03;19288
2021-03-09;27146
2021-03-17;6351
2021-03-22;21152
2021-03-13;9301
2021-03-16;25100
2021-03-18;23497
2021-03-23;32682
2021-03-24;1305
2021-03-05;32377
2021-03-06;26371
2021-03-08;50254
2021-03-15;11035
2021-03-20;2086
2021-03-21;2892
2021-03-24;15783
2022-03-10;13081
2022-03-13;4050
2022-03-15;1370
2022-03-16;2150
2022-03-16;19647
2022-03-16;30875
2022-03-21;25242
2022-03-22;1500
2022-03-22;16619
2022-03-27;0
2022-03-28;14839
2022-03-03;12132
2022-03-04;43505
2022-03-09;50700
2022-03-11;0
2022-03-12;8904
2022-03-13;0
2022-03-14;11630
2022-03-17;12463
2022-03-18;15725
2022-03-23;27049
2022-03-25;0
2022-03-26;2700
2022-03-28;38055
2022-03-05;6100
2022-03-05;0
2022-03-07;34025
2022-03-07;7220
2022-03-09;27755
2022-03-10;5414
2022-03-18;0
2022-03-19;6095
2022-03-22;50
2022-03-22;22625
2022-03-23;650
2022-03-24;7510
2022-03-26;0
2022-03-29;0
2022-03-31;3800
2022-03-09;2770
2022-03-13;730
2022-03-21;9568
2022-03-22;4770
2022-03-23;9140
2022-03-29;15233
2022-03-29;1340
2022-03-31;100
2022-03-01;1900
2022-03-01;7230
2022-03-04;19445
2022-03-04;3855
2022-03-06;0
2022-03-07;74974
2022-03-17;19525
2022-03-17;2000
2022-03-26;1250
2022-03-01;0
2022-03-13;19373
2022-03-16;6150
2022-03-16;1050
2022-03-17;4999
2022-03-19;1820
2022-03-25;5226
2022-03-27;500
2022-03-29;16255
2022-03-05;0
2022-03-06;0
2022-03-09;21143
2022-03-10;6220
2022-03-14;17493
2022-03-21;480
2022-03-25;10040
2022-03-27;11300
2022-03-05;11272
2022-03-06;2100
2022-03-09;34850
2022-03-11;35771
2022-03-15;4050
2022-03-18;19305
2022-03-20;3000
2022-03-21;40435
2022-03-28;8290
2022-03-02;600
2022-03-03;29825
2022-03-04;14390
2022-03-15;8847
2022-03-19;0
2022-03-24;19400
2022-03-25;27450
2022-03-27;0
2022-03-04;1255
2022-03-06;7686
2022-03-07;0
2022-03-12;2570
2022-03-20;3050
2022-03-28;15402
2022-03-30;3693
2022-03-01;0
2022-03-06;0
2022-03-11;13686
2022-03-11;31275
2022-03-12;50
2022-03-12;6272
2022-03-26;5660
2022-03-03;13630
2022-03-11;1200
2022-03-14;2200
2022-03-23;750
2022-03-24;3600
2022-03-25;473
2022-03-27;5690
2022-03-28;380
2022-03-30;7755
2022-03-30;30900
2022-03-01;0
2022-03-02;13734
2022-03-07;0
2022-03-08;11747
2022-03-10;41385
2022-03-14;32498
2022-03-14;48260
2022-03-20;0
2022-03-29;1759
2022-03-31;6010
2022-03-31;20010
2022-03-03;50
2022-03-08;36566
2022-03-08;4025
2022-03-13;2600
2022-03-15;39950
2022-03-18;3015
2022-03-19;0
2022-03-24;12900
2022-03-31;1000
2021-04-04;18291
2021-04-13;6342
2021-04-13;8412
2021-04-14;8865
2021-04-14;26511
2021-04-16;20465
2021-04-18;10460
2021-04-24;3400
2021-04-26;3420
2021-04-26;35510
2021-04-29;2930
2021-04-29;14958
2021-04-01;47213
2021-04-07;54334
2021-04-08;15724
2021-04-08;25087
2021-04-12;52316
2021-04-10;7112
2021-04-13;34220
2021-04-15;14255
2021-04-20;5864
2021-04-21;1460
2021-04-23;19576
2021-04-05;15177
2021-04-17;1920
2021-04-27;24140
2021-04-20;10665
2021-04-30;17790
2021-04-02;4540
2021-04-06;3959
2021-04-11;19951
2021-04-18;13540
2021-04-18;0
2021-04-21;9405
2021-04-09;44998
2021-04-16;7152
2021-04-21;17506
2021-04-25;5720
2021-04-26;34089
2021-04-04;2400
2021-04-09;11584
2021-04-12;5260
2021-04-15;6430
2021-04-17;5179
2021-04-20;32477
2021-04-27;6782
2021-04-30;33149
2021-04-02;0
2021-04-03;5157
2021-04-10;6340
2021-04-15;17507
2021-04-16;18676
2021-04-19;9979
2021-04-22;37714
2021-04-24;0
2021-04-24;1450
2021-04-27;3865
2021-04-30;7619
2021-04-06;39513
2021-04-07;25550
2021-04-17;5760
2021-04-04;210
2021-04-08;50150
2021-04-12;24375
2021-04-19;30099
2021-04-19;35346
2021-04-26;7613
2021-04-01;6420
2021-04-05;11160
2021-04-07;14820
2021-04-11;5204
2021-04-16;400
2021-04-18;17220
2021-04-27;11030
2021-04-28;9155
2021-04-28;12885
2021-04-01;7177
2021-04-02;870
2021-04-05;33926
2021-04-06;19209
2021-04-11;2673
2021-04-11;15160
2021-04-15;35753
2021-04-22;41397
2021-04-24;6731
2021-04-29;550
2021-04-29;25820
2021-04-04;22830
2021-04-06;14645
2021-04-09;35435
2021-04-10;11400
2021-04-13;20065
2021-04-19;0
2021-04-20;0
2021-04-22;7525
2021-04-23;7140
2021-04-23;44485
2021-04-25;0
2021-04-25;8550
2021-04-25;3970
2021-04-28;9790
2021-04-30;6942
2022-04-09;29690
2022-04-12;13220
2022-04-18;23096
2022-04-23;0
2022-04-24;0
2022-04-25;800
2022-04-28;3050
2022-04-30;0
2022-04-01;2125
2022-04-02;5002
2022-04-05;52525
2022-04-06;2400
2022-04-06;53485
2022-04-12;15983
2022-04-12;1400
2022-04-14;6760
2022-04-19;0
2022-04-29;1900
2022-04-03;0
2022-04-05;9540
2022-04-05;12710
2022-04-14;0
2022-04-15;400
2022-04-15;5800
2022-04-06;8100
2022-04-06;11515
2022-04-17;6970
2022-04-22;42085
2022-04-08;6882
2022-04-08;5392
2022-04-17;3975
2022-04-17;0
2022-04-22;2137
2022-04-23;4310
2022-04-01;35365
2022-04-03;7055
2022-04-07;20470
2022-04-07;45785
2022-04-13;1770
2022-04-22;0
2022-04-23;11135
2022-04-23;13465
2022-04-26;31905
2022-04-28;2300
2022-04-30;350
2022-04-03;6540
2022-04-08;58905
2022-04-09;1660
2022-04-13;700
2022-04-15;6970
2022-04-18;3921
2022-04-21;50
2022-04-26;12038
2022-04-01;11690
2022-04-02;10116
2022-04-11;20488
2022-04-23;700
2022-04-28;29195
2022-04-29;1031
2022-04-01;0
2022-04-04;12060
2022-04-04;32005
2022-04-08;3412
2022-04-10;6559
2022-04-11;54640
2022-04-16;5412
2022-04-20;1400
2022-04-21;2700
2022-04-24;175
2022-04-26;0
2022-04-04;834
2022-04-07;8870
2022-04-10;1680
2022-04-11;19072
2022-04-15;0
2022-04-20;32290
2022-04-21;17285
2022-04-25;6500
2022-04-27;2000
2022-04-27;1400
2022-04-27;7530
2022-04-30;1210
2022-04-02;2000
2022-04-02;3075
2022-04-05;5325
2022-04-09;7260
2022-04-09;200
2022-04-12;17136
2022-04-16;1030
2022-04-18;7944
2022-04-20;6790
2022-04-24;10590
2022-04-25;29715
2022-04-03;1650
2022-04-10;1342
2022-04-11;12410
2022-04-16;1550
2022-04-19;28573
2022-04-20;50
2022-04-25;7776
2022-04-28;52
2022-04-29;6000
2022-04-05;9641
2022-04-06;7322
2022-04-07;9727
2022-04-07;0
2022-04-10;9800
2022-04-12;45785
2022-04-13;3553
2022-04-13;18240
2022-04-18;14160
2022-04-21;2250
2022-04-27;23195
2022-04-28;15900
2022-04-29;4511
2022-04-30;14885
2022-04-04;23309
2022-04-04;24
2022-04-14;2444
2022-04-14;50410
2022-04-15;500
2022-04-16;0
2022-04-18;40390
2022-04-19;1580
2022-04-19;26185
2022-04-21;2800
2021-05-01;3045
2021-05-04;0
2021-05-07;31087
2021-05-09;10606
2021-05-11;39188
2021-05-19;24056
2021-05-23;14000
2021-05-27;11670
2021-05-30;5450
2021-05-08;1670
2021-05-10;39851
2021-05-21;17178
2021-05-27;20230
2021-05-04;17478
2021-05-05;28008
2021-05-09;15353
2021-05-26;130
2021-05-27;17352
2021-05-07;21050
2021-05-07;12482
2021-05-08;12616
2021-05-11;11699
2021-05-13;54270
2021-05-18;7517
2021-05-18;21433
2021-05-22;3452
2021-05-26;4455
2021-05-01;2780
2021-05-10;68935
2021-05-12;7258
2021-05-22;150
2021-05-28;19155
2021-05-10;60818
2021-05-15;6090
2021-05-24;15567
2021-05-24;19722
2021-05-24;26844
2021-05-02;780
2021-05-03;34861
2021-05-04;21932
2021-05-05;21497
2021-05-06;18295
2021-05-13;17737
2021-05-14;17781
2021-05-19;38004
2021-05-20;17018
2021-05-21;16043
2021-05-23;2500
2021-05-25;29785
2021-05-03;16722
2021-05-05;9652
2021-05-11;53562
2021-05-13;1660
2021-05-14;30971
2021-05-16;17017
2021-05-17;9850
2021-05-17;46691
2021-05-30;0
2021-05-02;13232
2021-05-03;8090
2021-05-10;12910
2021-05-12;22794
2021-05-14;3280
2021-05-16;0
2021-05-18;6748
2021-05-24;5386
2021-05-28;27379
2021-05-29;4310
2021-05-30;12517
2021-05-08;2735
2021-05-14;0
2021-05-16;0
2021-05-21;4963
2021-05-23;7852
2021-05-29;4410
2021-05-01;4747
2021-05-02;4391
2021-05-09;9989
2021-05-17;35904
2021-05-22;8240
2021-05-26;26376
2021-05-27;11432
2021-05-29;500
2021-05-31;13875
2021-05-04;11338
2021-05-05;27049
2021-05-06;12190
2021-05-08;11342
2021-05-12;54637
2021-05-15;0
2021-05-17;7121
2021-05-19;9297
2021-05-20;27375
2021-05-21;200
2021-05-23;5510
2021-05-09;2050
2021-05-11;15800
2021-05-12;10607
2021-05-13;7650
2021-05-15;0
2021-05-15;20440
2021-05-16;4500
2021-05-18;17420
2021-05-19;2393
2021-05-22;2840
2021-05-25;994
2021-05-25;16856
2021-05-26;19239
2022-05-03;2554
2022-05-05;14599
2022-05-10;0
2022-05-12;19373
2022-05-19;15392
2022-05-22;5280
2022-05-24;39465
2022-05-29;1000
2022-05-02;7815
2022-05-04;63335
2022-05-05;7128
2022-05-05;12940
2022-05-07;2070
2022-05-08;7340
2022-05-09;43049
2022-05-09;32725
2022-05-13;3667
2022-05-16;73215
2022-05-19;810
2022-05-22;0
2022-05-27;4580
2022-05-30;6645
2022-05-30;8070
2022-05-30;21778
2022-05-01;0
2022-05-10;800
2022-05-11;2700
2022-05-15;1850
2022-05-18;1820
2022-05-23;10658
2022-05-31;4595
2022-05-31;0
2022-05-03;12580
2022-05-06;6286
2022-05-10;20979
2022-05-20;0
2022-05-26;31780
2022-05-27;0
2022-05-28;0
2022-05-29;4930
2022-05-09;16657
2022-05-11;40352
2022-05-13;0
2022-05-15;3751
2022-05-19;7484
2022-05-22;150
2022-05-24;8954
2022-05-27;2370
2022-05-28;4027
2022-05-31;2090
2022-05-03;33915
2022-05-07;470
2022-05-14;4700
2022-05-15;20000
2022-05-20;2360
2022-05-24;2227
2022-05-26;14517
2022-05-26;0
2022-05-29;4750
2022-05-29;0
2022-05-01;2400
2022-05-02;8050
2022-05-06;57195
2022-05-09;0
2022-05-17;0
2022-05-23;0
2022-05-27;10300
2022-05-28;570
2022-05-29;3070
2022-05-02;53400
2022-05-04;6084
2022-05-07;12200
2022-05-17;16228
2022-05-25;640
2022-05-26;5470
2022-05-28;1900
2022-05-03;1500
2022-05-04;39947
2022-05-06;2870
2022-05-08;5945
2022-05-10;46355
2022-05-11;1500
2022-05-14;18775
2022-05-17;2054
2022-05-17;36625
2022-05-19;2485
2022-05-22;5540
2022-05-05;68025
2022-05-12;7488
2022-05-28;50
2022-05-30;0
2022-05-08;0
2022-05-12;34060
2022-05-14;32530
2022-05-18;4457
2022-05-21;300
2022-05-25;37670
2022-05-01;0
2022-05-03;11350
2022-05-04;560
2022-05-14;600
2022-05-21;1157
2022-05-22;8455
2022-05-01;1040
2022-05-01;2565
2022-05-02;3150
2022-05-02;9217
2022-05-04;6850
2022-05-06;5080
2022-05-10;14920
2022-05-13;6087
2022-05-13;30530
2022-05-16;15091
2022-05-16;0
2022-05-20;13457
2022-05-21;17392
2022-05-23;57235
2022-05-24;0
2022-05-30;36720
2021-06-01;23552
2021-06-03;13776
2021-06-05;4434
2021-06-06;34660
2021-06-10;8699
2021-06-10;37916
2021-06-11;11061
2021-06-14;37852
2021-06-18;6627
2021-06-19;3785
2021-06-23;2430
2021-06-28;4664
2021-06-30;23402
2021-06-04;23368
2021-06-06;5615
2021-06-11;41589
2021-06-12;2467
2021-06-24;409
2021-06-27;600
2021-06-29;8270
2021-06-06;0
2021-06-08;11420
2021-06-09;53508
2021-06-12;4580
2021-06-24;11434
2021-06-25;19850
2021-06-26;5499
2021-06-02;33492
2021-06-08;57818
2021-06-19;4550
2021-06-23;7684
2021-06-03;3980
2021-06-08;19666
2021-06-11;12980
2021-06-16;7909
2021-06-16;21594
2021-06-17;4850
2021-06-18;4114
2021-06-20;4205
2021-06-21;29144
2021-06-22;1800
2021-06-01;1290
2021-06-01;22175
2021-06-05;0
2021-06-05;17289
2021-06-09;39677
2021-06-13;1300
2021-06-20;16785
2021-06-23;14740
2021-06-26;3950
2021-06-03;900
2021-06-07;20295
2021-06-07;52051
2021-06-09;15778
2021-06-13;0
2021-06-22;16553
2021-06-26;8310
2021-06-28;21518
2021-06-29;1062
2021-06-01;2610
2021-06-04;32070
2021-06-06;0
2021-06-07;66748
2021-06-15;16818
2021-06-18;16890
2021-06-20;570
2021-06-23;12502
2021-06-28;21150
2021-06-30;8003
2021-06-17;24175
2021-06-29;3556
2021-06-09;14035
2021-06-10;15600
2021-06-15;20598
2021-06-16;2120
2021-06-20;3290
2021-06-24;23822
2021-06-26;6500
2021-06-27;7797
2021-06-02;15029
2021-06-07;18920
2021-06-12;9666
2021-06-15;5381
2021-06-18;20704
2021-06-21;9714
2021-06-30;6211
2021-06-04;29336
2021-06-05;10189
2021-06-10;37417
2021-06-13;28570
2021-06-14;15531
2021-06-15;44530
2021-06-25;11361
2021-06-11;1501
2021-06-24;2923
2021-06-30;7547
2021-06-02;42024
2021-06-03;11320
2021-06-04;26578
2021-06-14;8960
2021-06-14;42433
2021-06-17;9587
2021-06-17;34565
2021-06-19;0
2021-06-21;20123
2021-06-25;13300
2021-06-27;250
2021-06-29;6694
2022-06-01;0
2022-06-03;5685
2022-06-07;100
2022-06-08;19305
2022-06-09;0
2022-06-10;22635
2022-06-12;8095
2022-06-14;18750
2022-06-16;12182
2022-06-17;35500
2022-06-18;2862
2022-06-21;34425
2022-06-23;10335
2022-06-25;1000
2022-06-25;32455
2022-06-29;0
2022-06-02;770
2022-06-06;83045
2022-06-07;0
2022-06-09;7014
2022-06-10;2920
2022-06-14;8596
2022-06-15;12512
2022-06-17;9085
2022-06-19;200
2022-06-20;3165
2022-06-21;7000
2022-06-21;6720
2022-06-26;13055
2022-06-12;735
2022-06-18;780
2022-06-18;200
2022-06-20;4800
2022-06-20;59505
2022-06-22;4012
2022-06-01;857
2022-06-08;79915
2022-06-11;0
2022-06-11;21855
2022-06-16;4700
2022-06-17;6600
2022-06-24;20413
2022-06-07;34485
2022-06-09;20064
2022-06-09;0
2022-06-15;29940
2022-06-16;1300
2022-06-23;37305
2022-06-08;0
2022-06-10;1470
2022-06-11;0
2022-06-13;1750
2022-06-16;2400
2022-06-18;10954
2022-06-20;4170
2022-06-23;320
2022-06-25;0
2022-06-25;0
2022-06-02;43750
2022-06-11;12503
2022-06-12;0
2022-06-12;0
2022-06-14;120
2022-06-15;0
2022-06-19;908
2022-06-23;157
2022-06-26;4390
2022-06-27;7391
2022-06-28;0
2022-06-30;6499
2022-06-01;3937
2022-06-02;0
2022-06-03;27228
2022-06-08;27485
2022-06-10;81190
2022-06-12;5175
2022-06-13;17446
2022-06-16;34190
2022-06-21;400
2022-06-24;32300
2022-06-29;350
2022-06-02;3200
2022-06-03;0
2022-06-04;0
2022-06-05;3060
2022-06-05;17555
2022-06-10;4690
2022-06-15;17875
2022-06-17;980
2022-06-22;5967
2022-06-22;60380
2022-06-23;2576
2022-06-26;0
2022-06-27;6700
2022-06-01;6085
2022-06-01;28575
2022-06-04;23262
2022-06-13;6713
2022-06-14;1664
2022-06-26;0
2022-06-27;90
2022-06-03;14853
2022-06-05;1500
2022-06-06;44803
2022-06-17;6051
2022-06-18;9860
2022-06-19;0
2022-06-22;0
2022-06-24;260
2022-06-28;19790
2022-06-28;33190
2022-06-30;12076
2022-06-04;4660
2022-06-08;200
2022-06-13;86975
2022-06-20;20435
2022-06-24;2100
2022-06-29;32770
2022-06-30;37020
2022-06-02;14696
2022-06-03;55405
2022-06-04;340
2022-06-05;1900
2022-06-05;0
2022-06-07;28646
2022-06-07;94350
2022-06-09;43865
2022-06-11;5860
2022-06-30;3245
2022-06-30;0
2021-07-06;6575
2021-07-07;15432
2021-07-10;3052
2021-07-15;32031
2021-07-19;22107
2021-07-20;20943
2021-07-24;0
2021-07-29;5250
2021-07-31;7482
2021-07-09;51730
2021-07-10;9825
2021-07-11;4010
2021-07-13;18166
2021-07-14;9247
2021-07-14;34649
2021-07-28;0
2021-07-03;7953
2021-07-08;22475
2021-07-09;6994
2021-07-01;6321
2021-07-05;32873
2021-07-11;3680
2021-07-11;27486
2021-07-20;10250
2021-07-22;6029
2021-07-27;575
2021-07-27;26952
2021-07-28;25422
2021-07-30;18945
2021-07-01;23385
2021-07-06;21619
2021-07-14;33261
2021-07-15;10330
2021-07-18;10086
2021-07-19;13755
2021-07-19;32561
2021-07-22;30325
2021-07-27;10
2021-07-31;0
2021-07-04;1650
2021-07-05;15257
2021-07-05;34792
2021-07-10;11462
2021-07-16;4100
2021-07-21;5255
2021-07-27;2697
2021-07-02;24900
2021-07-07;6880
2021-07-17;4870
2021-07-18;0
2021-07-18;2000
2021-07-21;6835
2021-07-25;3866
2021-07-04;5136
2021-07-08;13810
2021-07-13;18719
2021-07-16;5140
2021-07-21;11967
2021-07-22;6947
2021-07-24;559
2021-07-25;0
2021-07-25;1500
2021-07-29;20808
2021-07-30;0
2021-07-02;31086
2021-07-06;20623
2021-07-06;33604
2021-07-09;36618
2021-07-10;6102
2021-07-13;6541
2021-07-17;4580
2021-07-21;24189
2021-07-22;5650
2021-07-23;15288
2021-07-24;1085
2021-07-26;25485
2021-07-30;1735
2021-07-31;3450
2021-07-31;9530
2021-07-04;2540
2021-07-08;37657
2021-07-20;14242
2021-07-25;5760
2021-07-28;18210
2021-07-13;6102
2021-07-23;17879
2021-07-26;4420
2021-07-04;19402
2021-07-12;51926
2021-07-15;23388
2021-07-17;1800
2021-07-17;6968
2021-07-23;12765
2021-07-28;4650
2021-07-03;1000
2021-07-05;18288
2021-07-07;22671
2021-07-07;50955
2021-07-09;1060
2021-07-11;13690
2021-07-12;50645
2021-07-14;11028
2021-07-15;7490
2021-07-16;14665
2021-07-18;2996
2021-07-20;7742
2021-07-26;11839
2021-07-30;13327
2021-07-02;14047
2021-07-03;9010
2021-07-12;17510
2021-07-12;33648
2021-07-16;20665
2021-07-19;3210
2022-07-02;750
2022-07-05;300
2022-07-05;89325
2022-07-07;19657
2022-07-08;0
2022-07-08;89295
2022-07-11;0
2022-07-13;175
2022-07-16;0
2022-07-17;0
2022-07-19;0
2022-07-19;4154
2022-07-27;9879
2022-07-01;6916
2022-07-04;110
2022-07-04;0
2022-07-07;16320
2022-07-15;4816
2022-07-20;51455
2022-07-22;1145
2022-07-24;0
2022-07-25;1330
2022-07-29;170
2022-07-31;0
2022-07-05;11007
2022-07-06;0
2022-07-10;4770
2022-07-10;9445
2022-07-10;0
2022-07-12;11048
2022-07-17;7455
2022-07-22;39255
2022-07-28;5950
2022-07-31;12970
2022-07-03;7820
2022-07-04;8854
2022-07-07;1900
2022-07-18;0
2022-07-22;210
2022-07-24;23455
2022-07-26;1050
2022-07-29;2876
2022-07-01;2872
2022-07-11;18939
2022-07-12;11657
2022-07-14;1000
2022-07-15;945
2022-07-17;470
2022-07-17;14420
2022-07-18;6380
2022-07-19;51195
2022-07-23;3764
2022-07-24;17149
2022-07-29;43675
2022-07-31;8038
2022-07-02;0
2022-07-06;45905
2022-07-11;1580
2022-07-11;11894
2022-07-11;97215
2022-07-14;150
2022-07-16;1750
2022-07-19;18625
2022-07-28;2420
2022-07-29;7846
2022-07-02;10
2022-07-07;7740
2022-07-09;1090
2022-07-09;7690
2022-07-14;4710
2022-07-15;1100
2022-07-15;56330
2022-07-18;54910
2022-07-20;1270
2022-07-23;0
2022-07-25;9475
2022-07-27;455
2022-07-30;0
2022-07-01;39255
2022-07-03;0
2022-07-08;16892
2022-07-21;3105
2022-07-21;50495
2022-07-24;0
2022-07-27;2270
2022-07-04;70345
2022-07-06;11988
2022-07-15;260
2022-07-21;11698
2022-07-25;2680
2022-07-31;600
2022-07-02;11735
2022-07-03;1000
2022-07-03;0
2022-07-08;1900
2022-07-13;10068
2022-07-17;8466
2022-07-21;200
2022-07-22;12197
2022-07-25;35365
2022-07-28;3220
2022-07-02;9250
2022-07-03;12240
2022-07-05;5104
2022-07-07;78610
2022-07-10;34845
2022-07-14;42755
2022-07-18;0
2022-07-20;0
2022-07-21;1400
2022-07-27;20
2022-07-28;29950
2022-07-30;5200
2022-07-09;0
2022-07-18;2357
2022-07-20;855
2022-07-26;1510
2022-07-27;31900
2022-07-30;1370
2022-07-31;6900
2022-07-01;6237
2022-07-22;780
2022-07-28;0
2021-08-09;0
2021-08-11;32431
2021-08-12;9040
2021-08-12;18774
2021-08-19;6229
2021-08-21;8552
2021-08-30;12402
2021-08-04;19554
2021-08-04;39637
2021-08-05;0
2021-08-14;11250
2021-08-22;3400
2021-08-30;20532
2021-08-31;11613
2021-08-02;22550
2021-08-05;25927
2021-08-06;45432
2021-08-14;9437
2021-08-16;31530
2021-08-20;18307
2021-08-20;12248
2021-08-24;12290
2021-08-02;36556
2021-08-03;5727
2021-08-03;43315
2021-08-06;30571
2021-08-10;36783
2021-08-12;32965
2021-08-18;2679
2021-08-19;24728
2021-08-20;1700
2021-08-21;2660
2021-08-29;6201
2021-08-30;4730
2021-08-07;15523
2021-08-10;15141
2021-08-21;20685
2021-08-23;58370
2021-08-26;2745
2021-08-28;596
2021-08-29;0
2021-08-01;1650
2021-08-05;31819
2021-08-17;3808
2021-08-17;33584
2021-08-18;32201
2021-08-31;5825
2021-08-06;0
2021-08-09;68725
2021-08-30;5521
2021-08-08;13152
2021-08-10;6890
2021-08-12;5025
2021-08-24;11858
2021-08-03;0
2021-08-15;1664
2021-08-15;18837
2021-08-22;8650
2021-08-23;7074
2021-08-02;19255
2021-08-08;0
2021-08-16;8903
2021-08-16;31464
2021-08-17;27185
2021-08-17;19538
2021-08-22;0
2021-08-22;1945
2021-08-28;8350
2021-08-02;0
2021-08-05;11450
2021-08-07;16365
2021-08-19;10400
2021-08-24;2700
2021-08-24;16204
2021-08-25;26645
2021-08-26;24607
2021-08-31;4875
2021-08-01;1840
2021-08-06;23480
2021-08-14;15420
2021-08-27;2180
2021-08-27;11800
2021-08-28;6950
2021-08-29;4550
2021-08-04;14650
2021-08-04;0
2021-08-08;15861
2021-08-13;10060
2021-08-13;32430
2021-08-18;700
2021-08-19;7002
2021-08-25;8882
2021-08-26;5800
2021-08-27;11425
2021-08-28;555
2021-08-03;22238
2021-08-07;0
2021-08-08;0
2021-08-11;5100
2021-08-13;8590
2021-08-15;1370
2021-08-15;6835
2021-08-16;7930
2021-08-21;2350
2021-08-26;8388
2022-08-01;11858
2022-08-04;3750
2022-08-05;14148
2022-08-05;600
2022-08-13;2200
2022-08-15;3005
2022-08-15;6260
2022-08-15;101730
2022-08-17;22
2022-08-18;0
2022-08-25;38520
2022-08-26;1754
2022-08-28;0
2022-08-29;2725
2022-08-30;2950
2022-08-01;1020
2022-08-09;2237
2022-08-09;71570
2022-08-12;8120
2022-08-13;26360
2022-08-14;504
2022-08-14;0
2022-08-19;0
2022-08-20;0
2022-08-23;50245
2022-08-24;3025
2022-08-24;1240
2022-08-25;4731
2022-08-29;73275
2022-08-03;12653
2022-08-04;63955
2022-08-06;3638
2022-08-09;22961
2022-08-13;6958
2022-08-21;0
2022-08-23;170
2022-08-28;0
2022-08-08;6229
2022-08-08;109770
2022-08-10;1700
2022-08-11;13124
2022-08-22;16270
2022-08-22;56975
2022-08-30;2784
2022-08-02;0
2022-08-03;3450
2022-08-04;11063
2022-08-04;3000
2022-08-07;0
2022-08-07;19000
2022-08-10;94845
2022-08-12;0
2022-08-15;12711
2022-08-19;13041
2022-08-23;2860
2022-08-28;2400
2022-08-28;9520
2022-08-07;2870
2022-08-10;14674
2022-08-11;5300
2022-08-13;26750
2022-08-30;50
2022-08-31;0
2022-08-31;13754
2022-08-08;18890
2022-08-11;4014
2022-08-11;1500
2022-08-12;2800
2022-08-17;51990
2022-08-23;3151
2022-08-23;3307
2022-08-27;8652
2022-08-29;12420
2022-08-10;1470
2022-08-12;0
2022-08-15;1805
2022-08-16;22
2022-08-17;650
2022-08-19;3050
2022-08-20;2200
2022-08-21;0
2022-08-26;26255
2022-08-31;47750
2022-08-02;53655
2022-08-03;63700
2022-08-06;43310
2022-08-07;5270
2022-08-13;0
2022-08-14;7337
2022-08-18;26955
2022-08-20;2088
2022-08-21;3770
2022-08-26;4770
2022-08-29;1252
2022-08-17;6026
2022-08-30;155
2022-08-31;2150
2022-08-01;11487
2022-08-02;2760
2022-08-03;2709
2022-08-05;99825
2022-08-06;0
2022-08-22;2582
2022-08-25;5200
2022-08-26;0
2022-08-29;1500
2022-08-01;0
2022-08-06;9780
2022-08-08;16978
2022-08-14;17105
2022-08-16;10885
2022-08-18;1500
2022-08-19;260
2022-08-22;1550
2022-08-27;1135
2022-08-04;7667
2022-08-05;340
2022-08-07;4250
2022-08-17;2074
2022-08-18;222
2022-08-19;28115
2022-08-20;5400
2022-08-31;50
2021-09-08;24090
2021-09-17;9600
2021-09-24;20450
2021-09-28;12938
2021-09-05;0
2021-09-05;7652
2021-09-07;5060
2021-09-09;33196
2021-09-11;18360
2021-09-14;21747
2021-09-19;510
2021-09-23;4840
2021-09-26;2690
2021-09-30;10455
2021-09-06;5025
2021-09-09;31316
2021-09-10;33784
2021-09-11;3841
2021-09-12;9020
2021-09-14;18728
2021-09-20;29259
2021-09-21;19520
2021-09-22;2432
2021-09-22;12589
2021-09-25;4590
2021-09-27;9337
2021-09-02;25642
2021-09-08;12450
2021-09-19;4298
2021-09-20;7240
2021-09-28;8930
2021-09-30;9088
2021-09-02;8980
2021-09-03;30205
2021-09-04;1352
2021-09-04;12000
2021-09-23;840
2021-09-25;11172
2021-09-05;3500
2021-09-06;48469
2021-09-10;1900
2021-09-16;14620
2021-09-18;350
2021-09-29;19295
2021-09-01;16248
2021-09-03;7350
2021-09-18;367
2021-09-18;3700
2021-09-26;5720
2021-09-28;2300
2021-09-02;31636
2021-09-03;27104
2021-09-06;10311
2021-09-08;34035
2021-09-19;1850
2021-09-24;9137
2021-09-27;28338
2021-09-03;10650
2021-09-07;19492
2021-09-11;2
2021-09-15;18471
2021-09-16;16446
2021-09-20;7200
2021-09-20;25635
2021-09-29;185
2021-09-05;4245
2021-09-09;11590
2021-09-16;10054
2021-09-19;700
2021-09-22;2007
2021-09-30;13350
2021-09-01;2605
2021-09-02;3922
2021-09-10;27882
2021-09-12;1375
2021-09-13;4860
2021-09-17;750
2021-09-21;32574
2021-09-25;150
2021-09-04;1100
2021-09-10;7052
2021-09-13;33206
2021-09-17;28547
2021-09-21;1400
2021-09-21;22083
2021-09-23;15557
2021-09-24;4110
2021-09-27;7208
2021-09-07;14917
2021-09-15;2256
2021-09-15;35050
2021-09-16;6760
2021-09-23;11573
2021-09-25;1430
2021-09-26;600
2021-09-28;5614
2021-09-01;6305
2021-09-11;10250
2021-09-12;5200
2021-09-13;22485
2021-09-14;8028
2021-09-15;6145
2021-09-17;20379
2021-09-24;25604
2021-09-27;9961
2021-09-29;130
2022-09-04;9685
2022-09-07;14133
2022-09-12;2465
2022-09-14;10764
2022-09-20;400
2022-09-20;1815
2022-09-20;51145
2022-09-21;3512
2022-09-24;0
2022-09-24;2805
2022-09-27;170
2022-09-01;2185
2022-09-01;45645
2022-09-04;8104
2022-09-06;2027
2022-09-14;5460
2022-09-15;3150
2022-09-16;63805
2022-09-01;0
2022-09-02;13400
2022-09-06;93200
2022-09-15;1780
2022-09-16;150
2022-09-17;0
2022-09-17;600
2022-09-22;259
2022-09-25;0
2022-09-29;25950
2022-09-13;1759
2022-09-28;3520
2022-09-30;1266
2022-09-02;140
2022-09-03;700
2022-09-06;4400
2022-09-08;7705
2022-09-09;1300
2022-09-10;30470
2022-09-11;5378
2022-09-11;3210
2022-09-12;6562
2022-09-15;6800
2022-09-15;210
2022-09-23;3898
2022-09-29;1710
2022-09-03;10490
2022-09-10;9601
2022-09-13;500
2022-09-13;49085
2022-09-17;5462
2022-09-18;2000
2022-09-19;11264
2022-09-21;43785
2022-09-04;0
2022-09-05;9668
2022-09-06;16304
2022-09-08;5770
2022-09-10;1000
2022-09-19;2348
2022-09-20;3745
2022-09-20;1962
2022-09-23;709
2022-09-24;31145
2022-09-26;2678
2022-09-04;0
2022-09-07;250
2022-09-09;2682
2022-09-10;3509
2022-09-12;7480
2022-09-12;93250
2022-09-16;0
2022-09-18;670
2022-09-19;4340
2022-09-23;1875
2022-09-28;800
2022-09-30;3000
2022-09-05;5930
2022-09-08;10412
2022-09-16;8651
2022-09-17;10675
2022-09-21;8030
2022-09-21;0
2022-09-25;4398
2022-09-27;3410
2022-09-01;6970
2022-09-10;0
2022-09-19;2740
2022-09-22;800
2022-09-25;0
2022-09-25;1184
2022-09-27;26240
2022-09-28;41980
2022-09-07;5110
2022-09-13;1150
2022-09-14;170
2022-09-14;61025
2022-09-18;11990
2022-09-21;0
2022-09-24;5286
2022-09-26;5502
2022-09-29;4490
2022-09-29;364
2022-09-30;0
2022-09-03;900
2022-09-04;0
2022-09-05;8756
2022-09-07;58980
2022-09-08;31877
2022-09-08;81415
2022-09-09;8987
2022-09-13;16261
2022-09-14;9250
2022-09-19;53365
2022-09-22;1350
2022-09-23;40650
2022-09-24;650
2022-09-26;1410
2022-09-27;0
2022-09-28;14937
2022-09-01;2874
2022-09-02;48905
2022-09-03;9471
2022-09-05;90050
2022-09-26;1300
2021-10-07;7970
2021-10-11;34437
2021-10-12;9150
2021-10-17;5200
2021-10-25;16905
2021-10-25;18070
2021-10-26;10477
2021-10-27;13382
2021-10-27;16027
2021-10-28;9375
2021-10-01;5675
2021-10-02;8670
2021-10-06;5450
2021-10-08;24648
2021-10-09;614
2021-10-16;4120
2021-10-24;0
2021-10-30;12000
2021-10-10;12060
2021-10-16;9455
2021-10-17;6210
2021-10-27;6551
2021-10-29;5699
2021-10-31;0
2021-10-06;34876
2021-10-07;22597
2021-10-10;20000
2021-10-11;43064
2021-10-17;150
2021-10-20;15444
2021-10-20;17620
2021-10-23;2860
2021-10-25;7645
2021-10-31;2350
2021-10-01;10950
2021-10-01;10770
2021-10-04;42545
2021-10-05;22752
2021-10-17;8850
2021-10-28;2490
2021-10-12;15398
2021-10-14;21716
2021-10-16;8308
2021-10-21;5460
2021-10-28;3356
2021-10-29;5300
2021-10-02;1500
2021-10-06;25147
2021-10-09;7970
2021-10-18;25497
2021-10-19;12905
2021-10-26;19966
2021-10-31;8750
2021-10-02;2930
2021-10-10;3015
2021-10-11;15450
2021-10-12;0
2021-10-12;6415
2021-10-13;11662
2021-10-13;26816
2021-10-15;21578
2021-10-21;14931
2021-10-22;3360
2021-10-09;2315
2021-10-14;4325
2021-10-19;3440
2021-10-22;0
2021-10-22;4815
2021-10-27;200
2021-10-07;11709
2021-10-09;0
2021-10-14;5655
2021-10-19;5670
2021-10-22;8032
2021-10-23;1285
2021-10-24;0
2021-10-29;18766
2021-10-30;13540
2021-10-03;7125
2021-10-15;13674
2021-10-16;11892
2021-10-20;8110
2021-10-23;410
2021-10-26;10034
2021-10-02;6652
2021-10-05;11070
2021-10-15;5544
2021-10-18;23149
2021-10-19;18397
2021-10-30;5005
2021-10-03;500
2021-10-03;2640
2021-10-04;16322
2021-10-05;7190
2021-10-05;50732
2021-10-08;24650
2021-10-13;2400
2021-10-14;30495
2021-10-23;3330
2021-10-24;0
2021-10-03;100
2021-10-04;16467
2021-10-07;20270
2021-10-10;2000
2021-10-15;5500
2021-10-26;3104
2021-10-28;9522
2022-10-04;6829
2022-10-04;50065
2022-10-06;19210
2022-10-09;33435
2022-10-15;3835
2022-10-15;8125
2022-10-17;24195
2022-10-19;11040
2022-10-21;2150
2022-10-23;0
2022-10-24;8770
2022-10-27;10040
2022-10-03;5966
2022-10-04;3944
2022-10-04;0
2022-10-20;5667
2022-10-23;2112
2022-10-23;11290
2022-10-26;2500
2022-10-29;0
2022-10-31;3050
2022-10-08;270
2022-10-12;2800
2022-10-12;0
2022-10-13;300
2022-10-14;16345
2022-10-19;47740
2022-10-20;2497
2022-10-30;4900
2022-10-30;9070
2022-10-01;3665
2022-10-10;58067
2022-10-15;0
2022-10-16;4065
2022-10-22;1114
2022-10-25;9173
2022-10-27;0
2022-10-28;6647
2022-10-01;0
2022-10-02;160
2022-10-05;2517
2022-10-28;1550
2022-10-30;0
2022-10-05;85840
2022-10-06;4875
2022-10-11;20977
2022-10-14;35769
2022-10-17;1250
2022-10-18;12906
2022-10-19;10130
2022-10-22;42910
2022-10-26;1700
2022-10-27;38540
2022-10-29;100
2022-10-04;5690
2022-10-06;21662
2022-10-06;600
2022-10-07;250
2022-10-08;0
2022-10-13;12412
2022-10-22;0
2022-10-25;37530
2022-10-27;8399
2022-10-29;0
2022-10-03;3265
2022-10-05;4500
2022-10-09;1400
2022-10-13;21645
2022-10-17;26490
2022-10-20;7100
2022-10-26;3390
2022-10-26;35420
2022-10-28;61850
2022-10-09;0
2022-10-15;400
2022-10-18;7157
2022-10-18;4448
2022-10-20;33195
2022-10-24;0
2022-10-02;6830
2022-10-03;0
2022-10-03;62795
2022-10-08;29685
2022-10-20;1886
2022-10-21;8900
2022-10-25;1290
2022-10-30;1550
2022-10-05;6430
2022-10-07;20861
2022-10-10;28237
2022-10-13;32970
2022-10-21;67640
2022-10-22;7280
2022-10-24;2950
2022-10-27;4060
2022-10-29;22265
2022-10-01;2475
2022-10-01;22890
2022-10-10;13213
2022-10-11;7502
2022-10-14;2895
2022-10-14;3665
2022-10-16;2185
2022-10-18;3940
2022-10-23;0
2022-10-25;4950
2022-10-02;7450
2022-10-03;1970
2022-10-07;15540
2022-10-10;0
2022-10-16;700
2022-10-17;14921
2022-10-21;0
2022-10-22;1800
2022-10-24;65805
2022-10-29;3250
2022-10-31;24445
2021-11-01;900
2021-11-06;25089
2021-11-07;3800
2021-11-11;45717
2021-11-12;10574
2021-11-15;780
2021-11-19;17330
2021-11-19;29814
2021-11-21;15655
2021-11-24;16600
2021-11-24;9603
2021-11-28;7340
2021-11-15;21970
2021-11-24;1820
2021-11-30;450
2021-11-01;16957
2021-11-04;8319
2021-11-04;23210
2021-11-07;5490
2021-11-11;37461
2021-11-12;16299
2021-11-13;1808
2021-11-13;4560
2021-11-14;2990
2021-11-25;9995
2021-11-28;0
2021-11-01;31493
2021-11-04;19414
2021-11-08;41880
2021-11-09;7165
2021-11-14;2900
2021-11-16;22410
2021-11-17;3020
2021-11-18;2150
2021-11-18;19063
2021-11-24;1540
2021-11-25;2900
2021-11-27;8960
2021-11-06;3549
2021-11-11;3550
2021-11-14;1300
2021-11-14;8175
2021-11-16;34182
2021-11-20;4670
2021-11-03;45828
2021-11-13;370
2021-11-16;13579
2021-11-21;2220
2021-11-25;9270
2021-11-26;16482
2021-11-05;11064
2021-11-08;33872
2021-11-12;9650
2021-11-13;10905
2021-11-17;4380
2021-11-21;11027
2021-11-22;23132
2021-11-22;16210
2021-11-27;2600
2021-11-02;370
2021-11-09;29965
2021-11-17;29431
2021-11-20;0
2021-11-26;3959
2021-11-28;0
2021-11-30;7670
2021-11-06;3050
2021-11-23;2100
2021-11-04;13653
2021-11-08;33499
2021-11-12;11804
2021-11-15;1154
2021-11-18;10130
2021-11-28;13323
2021-11-29;10114
2021-11-02;2100
2021-11-05;3796
2021-11-05;15840
2021-11-07;13050
2021-11-22;25269
2021-11-03;14210
2021-11-06;6780
2021-11-10;21561
2021-11-20;490
2021-11-26;300
2021-11-29;1714
2021-11-02;1360
2021-11-02;2736
2021-11-05;15530
2021-11-07;3674
2021-11-08;13352
2021-11-09;30790
2021-11-10;13003
2021-11-11;8200
2021-11-17;11078
2021-11-27;2400
2021-11-29;12911
2021-11-29;23272
2021-11-30;14653
2021-11-30;21978
2021-11-09;14750
2021-11-16;4115
2021-11-20;20860
2021-11-23;14476
2021-11-23;12679
2021-11-25;15445
2021-11-26;7150
2021-11-27;8664
2022-11-05;42880
2022-11-06;200
2022-11-06;100
2022-11-10;33674
2022-11-11;928
2022-11-16;3560
2022-11-19;230
2022-11-20;3540
2022-11-20;0
2022-11-29;640
2022-11-01;1612
2022-11-05;12566
2022-11-06;24745
2022-11-10;1116
2022-11-10;10830
2022-11-18;4250
2022-11-18;1032
2022-11-21;47070
2022-11-22;3630
2022-11-23;7032
2022-11-25;3962
2022-11-26;5393
2022-11-26;34505
2022-11-03;4320
2022-11-06;3630
2022-11-06;4200
2022-11-12;0
2022-11-12;6200
2022-11-16;0
2022-11-25;2670
2022-11-02;16350
2022-11-07;12600
2022-11-09;26296
2022-11-13;0
2022-11-15;15708
2022-11-16;31321
2022-11-17;2017
2022-11-17;10218
2022-11-17;38725
2022-11-20;0
2022-11-22;5640
2022-11-22;10360
2022-11-27;0
2022-11-29;21715
2022-11-01;550
2022-11-02;15510
2022-11-10;23365
2022-11-19;0
2022-11-24;1610
2022-11-25;8360
2022-11-30;8070
2022-11-01;11457
2022-11-04;0
2022-11-08;1000
2022-11-11;11984
2022-11-15;4207
2022-11-17;420
2022-11-19;13390
2022-11-26;0
2022-11-27;8020
2022-11-03;0
2022-11-05;2350
2022-11-09;2565
2022-11-15;3918
2022-11-21;13475
2022-11-23;35655
2022-11-29;9180
2022-11-30;0
2022-11-01;46730
2022-11-02;4618
2022-11-02;0
2022-11-03;57060
2022-11-04;93010
2022-11-07;7190
2022-11-08;7855
2022-11-14;3513
2022-11-14;39364
2022-11-20;0
2022-11-28;48165
2022-11-01;4347
2022-11-11;1500
2022-11-12;0
2022-11-18;33635
2022-11-23;7243
2022-11-25;54050
2022-11-29;1750
2022-11-09;800
2022-11-10;350
2022-11-11;12230
2022-11-20;7615
2022-11-23;0
2022-11-24;1000
2022-11-25;4070
2022-11-28;2990
2022-11-28;2590
2022-11-04;13852
2022-11-07;16914
2022-11-09;66240
2022-11-11;7238
2022-11-14;16090
2022-11-14;100
2022-11-16;34805
2022-11-18;14430
2022-11-22;1471
2022-11-24;11254
2022-11-24;19505
2022-11-29;12245
2022-11-02;1000
2022-11-03;3700
2022-11-04;200
2022-11-05;0
2022-11-08;9146
2022-11-13;100
2022-11-13;1685
2022-11-15;0
2022-11-22;32285
2022-11-23;1500
2022-11-28;14661
2022-11-30;45425
2022-11-09;13422
2022-11-17;17359
2022-11-18;11474
2022-11-19;2000
2022-11-24;4439
2022-11-26;500
2021-12-05;2250
2021-12-06;2997
2021-12-08;12555
2021-12-12;7760
2021-12-31;24101
2021-12-31;9000
2021-12-02;15130
2021-12-16;8525
2021-12-16;34438
2021-12-17;9924
2021-12-23;16875
2021-12-25;9850
2021-12-29;13937
2021-12-04;6350
2021-12-04;5520
2021-12-09;35355
2021-12-11;15245
2021-12-13;10757
2021-12-15;9368
2021-12-28;6070
2021-12-29;10590
2021-12-06;20469
2021-12-07;9900
2021-12-13;14130
2021-12-30;4390
2021-12-04;17804
2021-12-14;14181
2021-12-16;11220
2021-12-17;7530
2021-12-19;6570
2021-12-21;24409
2021-12-06;60081
2021-12-09;12340
2021-12-12;4708
2021-12-21;9827
2021-12-22;7235
2021-12-23;62
2021-12-09;31687
2021-12-18;12550
2021-12-20;1800
2021-12-30;14384
2021-12-03;13061
2021-12-03;17095
2021-12-05;300
2021-12-05;10713
2021-12-06;15380
2021-12-13;18028
2021-12-25;0
2021-12-26;0
2021-12-05;5150
2021-12-10;8381
2021-12-14;8879
2021-12-21;6543
2021-12-22;14434
2021-12-24;4170
2021-12-30;4400
2021-12-31;5067
2021-12-01;7080
2021-12-08;33701
2021-12-12;16090
2021-12-13;35647
2021-12-15;9054
2021-12-15;37834
2021-12-18;12081
2021-12-24;8400
2021-12-27;385
2021-12-28;4955
2021-12-01;3100
2021-12-02;30783
2021-12-03;4730
2021-12-16;4126
2021-12-22;7800
2021-12-26;3327
2021-12-04;4680
2021-12-11;0
2021-12-14;29155
2021-12-17;29092
2021-12-18;22250
2021-12-19;800
2021-12-25;0
2021-12-27;23156
2021-12-31;1200
2021-12-03;19960
2021-12-07;29105
2021-12-07;48934
2021-12-10;49678
2021-12-14;3050
2021-12-18;2404
2021-12-22;13428
2021-12-23;28080
2021-12-28;11893
2021-12-29;10200
2021-12-01;11662
2021-12-08;33361
2021-12-11;3570
2021-12-19;1870
2021-12-20;16759
2021-12-20;11564
2021-12-21;25439
2021-12-24;1220
2021-12-25;8107
2021-12-26;0
2021-12-28;4219
2022-12-07;200
2022-12-07;83220
2022-12-09;11550
2022-12-10;2900
2022-12-14;750
2022-12-15;1460
2022-12-26;600
2022-12-28;0
2022-12-29;10765
2022-12-31;19600
2022-12-06;11882
2022-12-06;78292
2022-12-13;0
2022-12-14;2185
2022-12-14;9350
2022-12-16;42830
2022-12-17;7632
2022-12-23;1580
2022-12-25;895
2022-12-25;0
2022-12-27;39200
2022-12-28;50695
2022-12-29;8200
2022-12-31;0
2022-12-01;22936
2022-12-08;61180
2022-12-10;5155
2022-12-18;17918
2022-12-09;5148
2022-12-10;250
2022-12-10;23465
2022-12-19;8480
2022-12-20;37045
2022-12-22;10485
2022-12-09;9817
2022-12-20;1520
2022-12-27;75
2022-12-30;0
2022-12-02;24910
2022-12-02;9990
2022-12-03;2400
2022-12-03;17944
2022-12-05;60689
2022-12-06;11922
2022-12-08;1700
2022-12-13;9220
2022-12-15;21929
2022-12-16;24702
2022-12-18;0
2022-12-21;600
2022-12-02;1370
2022-12-10;2935
2022-12-11;2490
2022-12-11;0
2022-12-12;25710
2022-12-12;79697
2022-12-16;4317
2022-12-16;10950
2022-12-18;0
2022-12-18;0
2022-12-19;150
2022-12-21;20028
2022-12-24;6655
2022-12-26;5658
2022-12-01;1650
2022-12-08;11454
2022-12-11;5760
2022-12-15;3755
2022-12-19;21462
2022-12-22;48165
2022-12-26;3902
2022-12-26;53525
2022-12-27;3230
2022-12-30;200
2022-12-01;0
2022-12-03;0
2022-12-04;0
2022-12-07;16750
2022-12-23;25930
2022-12-24;2720
2022-12-25;0
2022-12-31;2300
2022-12-04;950
2022-12-05;10900
2022-12-09;68815
2022-12-11;8180
2022-12-19;36105
2022-12-20;10364
2022-12-23;2400
2022-12-25;0
2022-12-31;0
2022-12-31;8725
2022-12-08;27726
2022-12-13;2741
2022-12-13;5794
2022-12-17;2300
2022-12-18;8980
2022-12-22;127
2022-12-23;6075
2022-12-24;0
2022-12-28;3996
2022-12-30;5184
2022-12-01;7200
2022-12-09;0
2022-12-20;23281
2022-12-21;1400
2022-12-26;19915
2022-12-29;325
2022-12-30;3700
2022-12-03;0
2022-12-05;0
2022-12-07;31296
2022-12-12;10506
2022-12-12;7345
2022-12-16;0
2022-12-21;47885
2022-12-22;620
2022-12-23;42312
2022-12-24;0
2022-12-25;3750
2022-12-28;6990
2022-12-29;1050
2022-12-30;36675
